 ,PLAYER_ULT_0001
 ,PLAYER_ULT_0002
 ,PLAYER_ULT_0003
 ,PLAYER_ULT_0004
 ,PLAYER_ULT_0005
 ,PLAYER_ULT_0006
 ,PLAYER_ULT_0007
 ,PLAYER_ULT_0008
 ,PLAYER_ULT_0009
 ,PLAYER_ULT_0010
 ,PLAYER_ULT_0011
 ,PLAYER_ULT_0012
 ,PLAYER_ULT_0013
 ,PLAYER_ULT_0014
 ,PLAYER_ULT_0015
 ,PLAYER_ULT_0016
 ,PLAYER_ULT_0017
 ,PLAYER_ULT_0018
 ,PLAYER_ULT_0019
 ,PLAYER_ULT_0020
 ,PLAYER_ULT_0021
 ,PLAYER_ULT_0022
 ,PLAYER_ULT_0023
 ,PLAYER_ULT_0024
 ,PLAYER_ULT_0025
 ,PLAYER_ULT_0026
 ,PLAYER_ULT_0027
 ,PLAYER_ULT_0028
 ,PLAYER_ULT_0029
 ,PLAYER_ULT_0030
 ,PLAYER_ULT_0031
 ,PLAYER_ULT_0032
 ,PLAYER_ULT_0033
 ,PLAYER_ULT_0034
 ,PLAYER_ULT_0035
 ,PLAYER_ULT_0036
 ,PLAYER_ULT_0037
 ,PLAYER_ULT_0038
 ,PLAYER_ULT_0039
 ,PLAYER_ULT_0040
 ,PLAYER_ULT_0041
 ,PLAYER_ULT_0042
 ,PLAYER_ULT_0043
 ,PLAYER_ULT_0044
 ,PLAYER_ULT_0045
 ,PLAYER_ULT_0046
 ,PLAYER_ULT_0047
 ,PLAYER_ULT_0048
 ,PLAYER_ULT_0049
 ,PLAYER_ULT_0050
 ,PLAYER_ULT_0051
 ,PLAYER_ULT_0052
 ,PLAYER_ULT_0053
 ,PLAYER_ULT_0054
 ,PLAYER_ULT_0055
 ,PLAYER_ULT_0056
 ,PLAYER_ULT_0057
 ,PLAYER_ULT_0058
 ,PLAYER_ULT_0059
 ,PLAYER_ULT_0060
 ,PLAYER_ULT_0061
 ,PLAYER_ULT_0062
 ,PLAYER_ULT_0063
 ,PLAYER_ULT_0064
 ,PLAYER_ULT_0065
 ,PLAYER_ULT_0066
 ,PLAYER_ULT_0067
 ,PLAYER_ULT_0068
    ,PLAYER_ULT_0001
    ,PLAYER_ULT_0002
    ,PLAYER_ULT_0003
    ,PLAYER_ULT_0004
    ,PLAYER_ULT_0005
    ,PLAYER_ULT_0006
    ,PLAYER_ULT_0007
    ,PLAYER_ULT_0008
